id,generated
0000aaaa,0.6227401062979675
1111bbbb,0.6227401062979675
2222cccc,0.6226488499968911
